episode,recorded,run,success_from_csv
ep01,20260814012143,20260814012130,0.0
ep02,20260814013411,20260814013344,0.0
ep03,20260814013734,20260814013344,
ep04,20260814014806,20260814014753,0.0
ep05,20260814015547,20260814015545,0.0
ep06,20260814015827,20260814015756,0.0
ep07,20260814020024,20260814015756,0.0
ep08,20260814020616,20260814020612,0.0
ep09,20260814020821,20260814020813,0.01
ep10,20260814021236,20260814021233,0.0
ep11,20260814021527,20260814021233,0.01
ep12,20260814021806,20260814021233,0.01
ep13,20260814022058,20260814021233,0.01
